{
    "criteria": {
        "trigger": {
            "trigger": "minecraft:tick",
            "conditions": {
                "player": [
                    {
                        "condition": "minecraft:entity_scores",
                        "entity": "this",
                        "scores": {
                            "TS_BP.trigger": 2
                        }
                    }
                ]
            }
        }
    },
    "rewards": {
        "function": "ts_bp:core/text/on"
    }
}