{
    "criteria": {
        "trigger": {
            "trigger": "minecraft:tick",
            "conditions": {
                "player": [
                    {
                        "condition": "minecraft:entity_properties",
                        "entity": "this",
                        "predicate": {
                            "flags": {
                                "is_sneaking": true
                            },
                            "equipment": {
                                "mainhand": {
                                    "items": [
                                        "minecraft:spyglass"
                                    ]
                                }
                            }
                        }
                    }
                ]
            }
        }
    },
    "rewards": {
        "function": "ts_bp:core/run/"
    }
}